id,title,description,availability,condition,price,link,image_link,brand,google_product_category,fb_product_category,inventory
6,"t-shirts palm angels","T-shirts Palm Angels T-shirts & Débardeurs Palm Angels pour homme <p>Palm angel

T-shirts & Débardeurs Palm Angels pour homme
La marque de streetwear italienne Palm Angels insuffle une doucuer de vivre californienne à ses créations. Cette sélection de T-shirts pour homme propose des modèles à manches courtes ou longues, en polyester et en coton. Les pièces aux tons vifs ou sobres arborent des imprimés photographiques ou géométriques tandis que le logo se transforme en motif. </p>Vendu par kalisso.com","in stock",new,18.700,https://www.kalisso.com/show/t-shirts-palm-angels,https://www.kalisso.com/storage/products/September2020/nJRVpYKOwe3TRCRirRso.png,"Vendu par kalisso.com",313,313,18
8,"air force 1 low fossil travis scott","Air Force 1 Low Fossil Travis Scott Air Force 1 Low Fossil Travis Scott taille: 36-46 <p>Travis Scott our homme
La marque de streetwear italienne  insuffle une doucuer de vivre californienne à ses créations. Cette sélection de T-shirts pour homme propose des modèles à manches courtes ou longues, en polyester et en coton. Les pièces aux tons vifs ou sobres arborent des imprimés photographiques ou géométriques tandis que le logo se transforme en motif. </p>Vendu par kalisso.com","in stock",new,48.200,https://www.kalisso.com/show/air-force-1-low-fossil-travis-scott,https://www.kalisso.com/storage/products/September2020/fN7ijDqSnXnEyvt4O4DM.png,"Vendu par kalisso.com",313,313,10
9,"palm angels","Palm Angels Palm Angels pour Homme <p>Palm angel

T-shirts & Débardeurs Palm Angels pour homme
La marque de streetwear italienne Palm Angels insuffle une doucuer de vivre californienne à ses créations. Cette sélection de T-shirts pour homme propose des modèles à manches courtes ou longues, en polyester et en coton. Les pièces aux tons vifs ou sobres arborent des imprimés photographiques ou géométriques tandis que le logo se transforme en motif. </p>Vendu par kalisso.com","in stock",new,18.700,https://www.kalisso.com/show/palm-angels,https://www.kalisso.com/storage/products/September2020/5O2XTH3vbTtKs3tK9y7L.png,"Vendu par kalisso.com",313,313,10
11,"guitare basse","Guitare Basse 5 cordes <p>Marque IBANES</p>Vendu par kalisso.com","in stock",new,100.000,https://www.kalisso.com/show/guitare-basse,https://www.kalisso.com/storage/products/September2020/a3lwPCtmAF7Ztrsshc0M.jpg,"Vendu par kalisso.com",313,313,1
12,"samsung c7","Samsung C7 32Go/4Go de RAM/Empreinte <p><em>plus de details contactez le&nbsp;</em></p>
<p><em>whatsapp 069775447</em></p>Vendu par kalisso.com","in stock",new,50.000,https://www.kalisso.com/show/samsung-c7,https://www.kalisso.com/storage/products/September2020/xyS72sf1JiOKg9tkV4IZ.jpg,"Vendu par kalisso.com",313,313,1
13,"samsung a7","Samsung A7 16Go/2Go de RAM/Double sim <p><em>pour plus de details contactez le 069775447</em></p>
<p><em>whatsapp dispo</em></p>Vendu par kalisso.com","in stock",new,40.000,https://www.kalisso.com/show/samsung-a7,https://www.kalisso.com/storage/products/September2020/zQ6uqh7BU6LtZMONyYKP.jpg,"Vendu par kalisso.com",313,313,1
14,"machine a secher","Machine a Secher marque LG /7Kg <p><em>pour plus de details contactez&nbsp;</em></p>
<p><em>whatsapp 069775447</em></p>Vendu par kalisso.com","in stock",new,250.000,https://www.kalisso.com/show/machine-a-secher,https://www.kalisso.com/storage/products/September2020/TBw1X6z6sNOtYUfcoENZ.jpg,"Vendu par kalisso.com",313,313,1
15,"smart fitness","Smart Fitness appareil de Muscu <p>contactez nous sur le 069775447</p>Vendu par kalisso.com","in stock",new,17.500,https://www.kalisso.com/show/smart-fitness,https://www.kalisso.com/storage/products/September2020/MUFY2f6WWKIgIOUVsPYC.jpg,"Vendu par kalisso.com",313,313,3
16,incubatrice,"Incubatrice machine et Couver les Oeufs <p>contactez nous sur le 069775447</p>
<p>whatsapp dispo</p>Vendu par kalisso.com","in stock",new,160.000,https://www.kalisso.com/show/incubatrice,https://www.kalisso.com/storage/products/September2020/tS8c136cLy0dHy99VhRX.jpg,"Vendu par kalisso.com",313,313,5
17,lunette,"Lunette marque KENZI (by Spirita) <p>contactez nous en cas de details.</p>
<p>whatsapp 069775447</p>Vendu par kalisso.com","in stock",new,15.000,https://www.kalisso.com/show/lunette,https://www.kalisso.com/storage/products/September2020/DsLzH5xrCYy0iYgEX5WS.jpg,"Vendu par kalisso.com",313,313,5
18,"basket /pointure 42 43","basket /pointure 42 43 Sayt Rlae <p>contactez nouz pour plus de details</p>
<p>069775447</p>Vendu par kalisso.com","in stock",new,10.000,https://www.kalisso.com/show/basket-pointure-42-43,https://www.kalisso.com/storage/products/September2020/yFqfrDjB6cOZHV5BjPP7.jpg,"Vendu par kalisso.com",313,313,1
19,"paire de chaussure/pointure 43","Paire de chaussure/pointure 43 Mocassin <p>tout nouveau.</p>
<p>whatsapp</p>
<p>069775447</p>Vendu par kalisso.com","in stock",new,25.000,https://www.kalisso.com/show/paire-de-chaussure-pointure-43,https://www.kalisso.com/storage/products/September2020/rBfYRkH9mnh9eJjuMyuk.jpg,"Vendu par kalisso.com",313,313,1
20,"tecno spark4 air","TECNO Spark4 air 32Go/4Go de RAM/ <p>contactez nous en cas de details</p>
<p>whatsapp 069775447</p>Vendu par kalisso.com","in stock",new,75.000,https://www.kalisso.com/show/tecno-spark4-air,https://www.kalisso.com/storage/products/September2020/DRofvyo4V7Apw07eE0Wh.jpg,"Vendu par kalisso.com",313,313,1
21,"paire classique","paire Classique Oristano <p>contactez nous pour plus de details</p>
<p>whatsapp 069775447</p>Vendu par kalisso.com","out of stock",new,15.000,https://www.kalisso.com/show/paire-classique,https://www.kalisso.com/storage/products/September2020/tlapxzLBWJGqvJQI1Whk.jpg,"Vendu par kalisso.com",313,313,0
22,"table a manger","Table a Manger Cassable <p><em>pour tout contact</em></p>
<p><em>(whatsapp)</em></p>Vendu par kalisso.com","in stock",new,80.000,https://www.kalisso.com/show/table-a-manger,https://www.kalisso.com/storage/products/September2020/0pbCJGW6nin5xssA8yWx.jpg,"Vendu par kalisso.com",313,313,1
28,iphone,"Iphone 5 S <p>124Go de memoire&nbsp;</p>Vendu par kalisso.com","in stock",new,50.000,https://www.kalisso.com/show/iphone,https://www.kalisso.com/storage/products/September2020/3WN5oOwx924nw0B2EdrS.jpg,"Vendu par kalisso.com",313,313,1
29,"rouge à lèvre","Rouge à lèvre Bonne qualité <p>Whatsapp </p>Vendu par kalisso.com","in stock",new,5.000,https://www.kalisso.com/show/rouge-a-levre,https://www.kalisso.com/storage/products/September2020/6gqd4Erfn9VNa4rjuvmq.jpg,"Vendu par kalisso.com",313,313,10
30,parfum,"Parfum Bonne qualité <p>Whatsapp 069775447</p>Vendu par kalisso.com","in stock",new,10.000,https://www.kalisso.com/show/parfum,https://www.kalisso.com/storage/products/September2020/2GGZsMSwjvMWC5S1LqiN.jpg,"Vendu par kalisso.com",313,313,10
31,"basket / pointure 41","Basket / pointure 41 MK <p>Whatsapp 069775447</p>Vendu par kalisso.com","out of stock",new,20.000,https://www.kalisso.com/show/basket-pointure-41,https://www.kalisso.com/storage/products/September2020/ln6GMeUE5xVPughMEEWF.jpg,"Vendu par kalisso.com",313,313,0
32,"chaussure pour femme /","Chaussure pour Femme / Bonne qualité <p>Whatsapp 069775447</p>Vendu par kalisso.com","in stock",new,15.000,https://www.kalisso.com/show/chaussure-pour-femme,https://www.kalisso.com/storage/products/September2020/rz79IPKrvqjDPKm1cD0P.jpg,"Vendu par kalisso.com",313,313,4
33,"groupe électrogène","Groupe électrogène SUZUKI sv4000 <p>Whatsapp 069775447</p>Vendu par kalisso.com","in stock",new,300.000,https://www.kalisso.com/show/groupe-electrogene,https://www.kalisso.com/storage/products/September2020/UYRYk4IcUD4KOcGi9244.jpg,"Vendu par kalisso.com",313,313,1
35,"bio herb artémisia","Bio Herb Artémisia Tisane très efficace contre le paludisme. <p style=""text-align: center;""><strong>Tisane &agrave; base d'art&eacute;misia tr&egrave;s efficace contre le paludisme.</strong></p>
<p style=""text-align: center;""><strong>SATISFACTION GARANTIE !!!</strong></p>Vendu par kalisso.com","in stock",new,3.950,https://www.kalisso.com/show/bio-herb-artemisia,https://www.kalisso.com/storage/products/September2020/N5NHU6KU3Riq5XaUTA9Z.jpg,"Vendu par kalisso.com",313,313,98
36,splite,"Splite WESTCOOL <p>Pour plus d'informations veillez nous contacter.</p>
<p>Whatsapp 069775447</p>Vendu par kalisso.com","in stock",new,80.000,https://www.kalisso.com/show/splite,https://www.kalisso.com/storage/products/September2020/WeeBHGcYLOEFTDhfGzxu.jpg,"Vendu par kalisso.com",313,313,1
38,"voiture 4×4","Voiture 4×4 Toyota Hilux vigo <p>Whatsapp </p>Vendu par kalisso.com","in stock",new,7.200.000,https://www.kalisso.com/show/voiture-4-4,https://www.kalisso.com/storage/products/October2020/xbqOHvZuAoPmz561rMgY.jpg,"Vendu par kalisso.com",313,313,1
39,"accessoires ps4","Accessoires Ps4 Accessoires <p style=""text-align: right;"">Accessoires PS4 / Casque a r&eacute;alit&eacute; Virtuelle (SONY) / CD</p>
<p style=""text-align: right;"">&nbsp;</p>
<p style=""text-align: right;"">Whatsapp 069775447</p>Vendu par kalisso.com","in stock",new,200.000,https://www.kalisso.com/show/accessoires-ps4,https://www.kalisso.com/storage/products/October2020/HcDbDZLRl9cWxw29fKVd.jpg,"Vendu par kalisso.com",313,313,1
40,telephone,"Telephone Samsung <p>32Go de m&eacute;moire</p>
<p>2Go de RAM</p>
<p>Empreinte digitale</p>
<p>Une sim</p>
<p>Whatsapp 069775447</p>Vendu par kalisso.com","in stock",new,50.000,https://www.kalisso.com/show/telephone,https://www.kalisso.com/storage/products/October2020/RqCGwiX660arM8Bxulwk.jpg,"Vendu par kalisso.com",313,313,1
41,doov,"Doov 16Gb, 2Gb ram, 13Mp, 2 Sim, android 7, 4G <p>16Gb, 2Gb ram, 13Mp, 2 Sim, android 7, 4G</p>
<p>&nbsp;</p>
<p>La nouvaut&eacute; par excelence</p>
<p>Tres leger et pratique</p>
<p>Une fluidit&eacute; sans pareil</p>Vendu par kalisso.com","in stock",new,28.000,https://www.kalisso.com/show/doov,https://www.kalisso.com/storage/products/October2020/wDDw9xvwRr7a2gXduqBi.jpg,"Vendu par kalisso.com",313,313,50
42,"super d","SUPER D 32Gb, 2Gb ram, 8Mp, 2 Sim, android 7, 4G <p><strong><em>Le nouveau smartphone tres leger</em></strong></p>Vendu par kalisso.com","in stock",new,45.000,https://www.kalisso.com/show/super-d,https://www.kalisso.com/storage/products/October2020/tRCXkhRbTYwdu7fTWbgD.jpg,"Vendu par kalisso.com",313,313,50
43,samsung,"Samsung Samsung s6 edge <p>Whatsapp 069775447</p>Vendu par kalisso.com","in stock",new,50.000,https://www.kalisso.com/show/samsung,https://www.kalisso.com/storage/products/October2020/fjAAngUSF8IN4gX451on.jpg,"Vendu par kalisso.com",313,313,1
52,bbq,"BBQ Barbecue en bonne état <p><span style=""text-decoration: underline;"">Barbecue datant d'il y a 2 ans mais encore en bonne &eacute;tat</span></p>Vendu par kalisso.com","in stock",new,55.000,https://www.kalisso.com/show/bbq,https://www.kalisso.com/storage/products/November2020/CR7ID60JMqELZfL1MngH.jpg,"Vendu par kalisso.com",313,313,1
53,"sandales durable","Sandales Durable Durable <p style=""text-align: right;""><em><span style=""text-decoration: underline;"">38, 39, 40</span></em></p>Vendu par kalisso.com","in stock",new,7.500,https://www.kalisso.com/show/sandales-durable,https://www.kalisso.com/storage/products/November2020/VvX90haikntSIaVLq42c.jpeg,"Vendu par kalisso.com",313,313,10
55,"ensemble en soie","Ensemble en soie Tailles: s m l <p><span style=""text-decoration: underline;"">robe en soie&nbsp;</span></p>
<p><span style=""text-decoration: underline;"">disponible en tailles: s m l&nbsp;</span></p>Vendu par kalisso.com","in stock",new,18.000,https://www.kalisso.com/show/ensemble-en-soie,https://www.kalisso.com/storage/products/December2020/CNoZ9cmIbjDmj10TzQVK.png,"Vendu par kalisso.com",313,313,5
56,"savon noir de longrich","Savon noir de LONGRICH Très efficace contre les tâches,les vergetures et les boutons <p>La savon noir de LONGRICH</p>
<p style=""text-align: right;"">Fait a base de charbon de bambou est tr&egrave;s efficace pour la peau car il elimine les t&acirc;ches,les vergetures et les boutons</p>Vendu par kalisso.com","in stock",new,3.000,https://www.kalisso.com/show/savon-noir-de-longrich,https://www.kalisso.com/storage/products/December2020/fAwamq7ZNOmN1iLUaQmR.jpg,"Vendu par kalisso.com",313,313,100
57,"vin de santé","Vin de santé Puissant aphrodisiaque <ul>
<li>Puissant aphrodisiaque Renforce les capacit&eacute;s sexuelles et reproductives,renforce le syst&egrave;me immunitaire,favorise l'obtention des os et des muscles forts, aide a la digestion de tous les aliments</li>
</ul>Vendu par kalisso.com","in stock",new,16.000,https://www.kalisso.com/show/vin-de-sante,https://www.kalisso.com/storage/products/December2020/ynte3sP4kH0LcJI3FGq3.jpg,"Vendu par kalisso.com",313,313,2
58,"lait de beauté","Lait de beauté Lait de beauté Fait a base de placenta de brebis <p style=""text-align: left;"">Lait de beaut&eacute; fait a base de placenta de brebis, adoucit la peau, &eacute;limine les t&acirc;ches, l'acn&eacute;,&eacute;clairci et &eacute;quilibre le teint</p>Vendu par kalisso.com","in stock",new,5.000,https://www.kalisso.com/show/lait-de-beaute,https://www.kalisso.com/storage/products/December2020/UKOLBrPaf5KaCahW6P2g.jpg,"Vendu par kalisso.com",313,313,10
59,anti-moustiques,"Anti-moustiques Anti-moustique est un insectifuge, aromatisé au parfum de fleur <p>Anti-moustique est un insectifuge, aromatis&eacute; au parfum de fleur,peut &ecirc;tre utilis&eacute; comme parfum corporelle,il soulage les inflammations dues aux piq&ucirc;res de moustiques et autres une fois appliqu&eacute;e sur la peau</p>Vendu par kalisso.com","in stock",new,4.500,https://www.kalisso.com/show/anti-moustiques,https://www.kalisso.com/storage/products/December2020/70EzForrQxmVkwipyWdy.jpg,"Vendu par kalisso.com",313,313,6
60,"crème facial","Crème facial Produits contre les tâches rebelles pour la face , <p>Produits contre les t&acirc;ches rebelles pour la face&nbsp;</p>Vendu par kalisso.com","in stock",new,4.000,https://www.kalisso.com/show/creme-facial,https://www.kalisso.com/storage/products/January2021/hjK2VmSad0zUqJ4K1Xon.jpg,"Vendu par kalisso.com",313,313,10
69,"concentré gluta","Concentré gluta Concentré super éclaircissant <p style=""text-align: left;"">Le concentr&eacute; gluta exceptionnelle est un concentr&eacute; Super &eacute;claircissant qui blanchit la peau et r&eacute;pond efficacement &agrave; tous vos probl&egrave;mes de peau il &eacute;clairci, &eacute;limines les t&acirc;ches noires et brunes ,rafra&icirc;chit adoucit r&eacute;duit les vergetures, uniforme le teint&nbsp;</p>Vendu par kalisso.com","in stock",new,7.500,https://www.kalisso.com/show/concentre-gluta,https://www.kalisso.com/storage/products/January2021/SVRBbCIKzHPuMfufyG7D.jpg,"Vendu par kalisso.com",313,313,40
62,"fond de teint fit me maybelline","Fond de teint fit me Maybelline Couvre les tâches <p>Couvre les t&acirc;ches</p>Vendu par kalisso.com","in stock",new,5.000,https://www.kalisso.com/show/fond-de-teint-fit-me-maybelline,https://www.kalisso.com/storage/products/January2021/l4SanBnSKldcI4OfJ5dX.jpg,"Vendu par kalisso.com",313,313,20
63,"lait crème de beauté jalousie","Lait crème de beauté jalousie Elle vont être toutes jalouse <p>Elles vont &ecirc;tre toutes jalouse</p>Vendu par kalisso.com","in stock",new,1.500,https://www.kalisso.com/show/lait-creme-de-beaute-jalousie,https://www.kalisso.com/storage/products/January2021/ObkpvyKjdWFtWoUK93bT.jpg,"Vendu par kalisso.com",313,313,10
64,"gamme even sheen","Gamme even Sheen Pour les teint noir <p style=""text-align: left;"">Unifi&eacute; et donne de l'&eacute;clat &agrave; votre teint en laissant un odeur agr&eacute;able et durable sur votre peau&nbsp;</p>Vendu par kalisso.com","in stock",new,9.500,https://www.kalisso.com/show/gamme-even-sheen,https://www.kalisso.com/storage/products/January2021/P4WdiStp0pP1a9Kvs6z0.png,"Vendu par kalisso.com",313,313,20
65,"lait de beauté rosa bella","Lait de beauté Rosa Bella Lait éclaircissent <p style=""text-align: left;"">Ce lait de beaut&eacute; &eacute;claircissant &agrave; &eacute;t&eacute; sp&eacute;cialement d&eacute;velopp&eacute; pour uniformiser le teint et hydrater intens&eacute;ment l'&eacute;piderme.grace aux nombreux extrait de plantes ce lait est une v&eacute;ritable soins multi actif ,sa texture fluide lui permet de p&eacute;n&eacute;trer rapidement la couche cutan&eacute;e</p>Vendu par kalisso.com","in stock",new,10.000,https://www.kalisso.com/show/lait-de-beaute-rosa-bella,https://www.kalisso.com/storage/products/January2021/lCyZQ7p1JFE0hh3AXLwB.jpg,"Vendu par kalisso.com",313,313,9
66,"crème et l'huile la la la","Crème et l'huile la la la Produits contre les tâches et les graisses <p style=""text-align: left;"">D&eacute;sirez vous avoir un teint clair ,matin sans t&acirc;ches je vous propose l'huile lalala et sa cr&egrave;me de nuit qui n'agresse pas la peaux</p>Vendu par kalisso.com","in stock",new,4.500,https://www.kalisso.com/show/creme-et-l-huile-la-la-la,https://www.kalisso.com/storage/products/January2021/IzS77n9jWk05KJmhBWDs.jpg,"Vendu par kalisso.com",313,313,15
67,"l'huile miracle","L'huile miracle Pour les vergetures les plus grave <p>L'huile miracle tr&egrave;s puissant pour les vergetures artificielle, &eacute;limine totalement les vergetures les plus graves</p>Vendu par kalisso.com","in stock",new,13.000,https://www.kalisso.com/show/l-huile-miracle,https://www.kalisso.com/storage/products/January2021/B2zw1cNjD8MZ6HhmUPm2.jpg,"Vendu par kalisso.com",313,313,8
68,"l'huile et poudre fenugrec","L'huile et poudre fenugrec Faire grossir vos seins et fesses <p style=""text-align: left;"">Lutte contre la calvitie et traite les chutes de cheveux</p>Vendu par kalisso.com","in stock",new,5.000,https://www.kalisso.com/show/l-huile-et-poudre-fenugrec,https://www.kalisso.com/storage/products/January2021/6TsVjdxCz9LKtivCFfCg.jpg,"Vendu par kalisso.com",313,313,10
70,"poudre kojic","Poudre kojic Conçue pour blanchir <p style=""text-align: left;"">Pour faire blanchir la peau&nbsp;</p>Vendu par kalisso.com","in stock",new,8.000,https://www.kalisso.com/show/poudre-kojic,https://www.kalisso.com/storage/products/January2021/UriStBm3DQCr2JaOZkXc.jpg,"Vendu par kalisso.com",313,313,15
71,"gluta aha","Gluta aha Super blanchisseur <p style=""text-align: left;"">Cette potion magique,ultra puissant et super &eacute;claircissant doit &ecirc;tre appliqu&eacute; sur les zone &agrave; traiter ou &agrave; introduire dans le lait de toilette</p>Vendu par kalisso.com","in stock",new,5.000,https://www.kalisso.com/show/gluta-aha,https://www.kalisso.com/storage/products/January2021/CA64UwDPxhrmO9W7cChV.jpg,"Vendu par kalisso.com",313,313,10
72,"fare à paupières","Fare à paupières Fare de nuit <p>Jolie pour les soir&eacute;es</p>Vendu par kalisso.com","in stock",new,5.000,https://www.kalisso.com/show/fare-a-paupieres-m1,https://www.kalisso.com/storage/products/January2021/hMQ9pA0HyTYv6SlreApX.png,"Vendu par kalisso.com",313,313,8
73,"fare à paupières","Fare à paupières Fare du jour <p>Tr&egrave;s jolie pour vos maquillage de la journ&eacute;e</p>Vendu par kalisso.com","in stock",new,6.000,https://www.kalisso.com/show/fare-a-paupieres-m2,https://www.kalisso.com/storage/products/January2021/QiuEebMoZgMozs05zoyC.png,"Vendu par kalisso.com",313,313,15
74,"savon noir nigérian","Savon noir nigérian Teint métissé <p style=""text-align: left;"">&nbsp;m&ecirc;me sans pommade</p>Vendu par kalisso.com","in stock",new,15.000,https://www.kalisso.com/show/savon-noir-nigerian,https://www.kalisso.com/storage/products/January2021/h3xpS1jwQ53rIkjpsqnU.jpg,"Vendu par kalisso.com",313,313,15000
75,"gommage et crème nigérian","Gommage et crème nigérian Hydrate nettoie et éclairci <p>Contre les bouton , t&acirc;ches, graisse</p>Vendu par kalisso.com","in stock",new,9.000,https://www.kalisso.com/show/gommage-et-creme-nigerian,https://www.kalisso.com/storage/products/January2021/CzVdmOuxV1BT8HvGmaT6.jpg,"Vendu par kalisso.com",313,313,9
76,q7,"Q7 Concentré contre les tâches <p style=""text-align: left;"">Action rapide ,anti- t&acirc;che</p>Vendu par kalisso.com","in stock",new,6.000,https://www.kalisso.com/show/q7,https://www.kalisso.com/storage/products/January2021/6KgzVNo2PXcsfCR6Ms9L.jpg,"Vendu par kalisso.com",313,313,10
77,"parfum chanel","Parfum chanel Parfum pour femme <p style=""text-align: left;"">Juste pour vous les filles</p>Vendu par kalisso.com","in stock",new,10.000,https://www.kalisso.com/show/parfum-chanel,https://www.kalisso.com/storage/products/January2021/tvJkG8HZIBpx23ODW9LD.jpg,"Vendu par kalisso.com",313,313,6
81,"savon nano extra carrot","Savon Nano extra carrot Donne un teint uniforme <p style=""text-align: left;"">Redonne &eacute;clat et &eacute;limine les impuret&eacute;s</p>Vendu par kalisso.com","in stock",new,2.500,https://www.kalisso.com/show/savon-nano-extra-carrot,https://www.kalisso.com/storage/products/January2021/ZPQZm26EQa752g6zrYeU.jpg,"Vendu par kalisso.com",313,313,10
80,"parfum estella","Parfum Estella Parfum femme <p>Bonne odeur</p>Vendu par kalisso.com","in stock",new,8.000,https://www.kalisso.com/show/parfum-estella,https://www.kalisso.com/storage/products/January2021/T2GHhHwMPZyyzx4f8HPU.jpg,"Vendu par kalisso.com",313,313,6
83,"gamme teint diamant","Gamme teint diamant Produits éclaircissant <p>Gamme teint dimand une gamme qui va vous donner l'&eacute;clat que vous d&eacute;sirez</p>Vendu par kalisso.com","in stock",new,35.000,https://www.kalisso.com/show/gamme-teint-diamant,https://www.kalisso.com/storage/products/January2021/EOhwcEWlR2GdIYVR9uSJ.jpg,"Vendu par kalisso.com",313,313,20
84,"hot zone","Hot zone Parfum <p style=""text-align: left;"">Une odeur agréable &nbsp;</p>Vendu par kalisso.com","in stock",new,8.000,https://www.kalisso.com/show/hot-zone,https://www.kalisso.com/storage/products/January2021/cJalrxPx6FExYkps6SyN.jpg,"Vendu par kalisso.com",313,313,6
85,"savon éclaircissant","Savon éclaircissant Contre les vergetures et bouton <p>Pour tout type de peau</p>Vendu par kalisso.com","in stock",new,3.500,https://www.kalisso.com/show/savon-eclaircissant,https://www.kalisso.com/storage/products/January2021/PDudR1JB92upwChG01t5.jpg,"Vendu par kalisso.com",313,313,30
94,"toujours jeune","toujours jeune Savon gommant à l'huile d'argan <p style=""text-align: left;"">Riche en acides gras essentiels et en vitamine E ,nourrit , hydrate,restructure et prot&egrave;ge la peau des agressions ext&eacute;rieures</p>Vendu par kalisso.com","in stock",new,1.500,https://www.kalisso.com/show/toujours-jeune,https://www.kalisso.com/storage/products/January2021/KtQZ63Jw4ujQpbPcdNB1.png,"Vendu par kalisso.com",313,313,6
91,"secret white","Secret white Gel de douche éclaircissant <p style=""text-align: left;"">Pour tout type et donne type de peau&nbsp;</p>Vendu par kalisso.com","in stock",new,8.000,https://www.kalisso.com/show/secret-white,https://www.kalisso.com/storage/products/January2021/th3QBcJKsNPiTGUSpnCR.jpg,"Vendu par kalisso.com",313,313,10
95,"rapide clair","Rapide clair Lait clarifiant intense <p style=""text-align: left;"">Formul&eacute; &agrave; base d'huile de Moringa et de curcuma,lutte efficacement contre les radicaux libres de la peau et pr&eacute;serve sa jeunesse</p>Vendu par kalisso.com","in stock",new,2.500,https://www.kalisso.com/show/rapide-clair,https://www.kalisso.com/storage/products/January2021/rd5SU5TntSCBXOWlYDzJ.png,"Vendu par kalisso.com",313,313,8
92,"lait et savon likas","Lait et savon likas Lait clarifient et hydratant <p style=""text-align: left;"">Lait nettoyant redonne l'&eacute;clat</p>Vendu par kalisso.com","in stock",new,8.000,https://www.kalisso.com/show/lait-et-savon-likas,https://www.kalisso.com/storage/products/January2021/VO4iUiyzakJb0WWSXWAG.jpg,"Vendu par kalisso.com",313,313,20
93,"lait et l'huile so clear","Lait et l'huile So clear Lait nettoyant hydratant éclaircissant <p>Donne la souplesse &agrave; votre peau et redonne l'&eacute;clat que vous cherchez</p>Vendu par kalisso.com","in stock",new,7.500,https://www.kalisso.com/show/lait-et-l-huile-so-clear,https://www.kalisso.com/storage/products/January2021/NKzCGjed77gTuRnEnW0X.jpg,"Vendu par kalisso.com",313,313,10
96,caduim,"Caduim Lait corps hydratant <p>Pour les peaux s&egrave;ches</p>Vendu par kalisso.com","in stock",new,4.000,https://www.kalisso.com/show/caduim,https://www.kalisso.com/storage/products/January2021/Sf1rS2CHHJihjGhQDBWr.png,"Vendu par kalisso.com",313,313,10
97,"gluta white","Gluta white Gamme clarifiant anti âge <p>Hydrate,tonifie et r&eacute;pare votre peau .il estompe toutes les impuret&eacute;s,imperfection et vous garantie une peau lisse ,&eacute;clatante et ferme&nbsp;&nbsp;</p>Vendu par kalisso.com","in stock",new,8.000,https://www.kalisso.com/show/gluta-white,https://www.kalisso.com/storage/products/January2021/BiXwPqHa1ouLVQPxekbR.png,"Vendu par kalisso.com",313,313,20
2,"lotion peau de lune","Lotion peau de lune Gomme les impuretés et éclairci délicatement <p>Donne une peau douce ,efficace contre les boutons et les t&acirc;ches brunes de la peau&nbsp;</p>Vendu par kalisso.com","in stock",new,3.500,https://www.kalisso.com/show/lotion-peau-de-lune,https://www.kalisso.com/storage/products/January2021/5Ncm0m00E5yuCRjrrtoq.png,"Vendu par kalisso.com",313,313,6
1,"aloe vera","Aloe vera Couleur verte <p style=""text-align: left;""><em>99%</em></p>Vendu par kalisso.com","out of stock",new,2.500,https://www.kalisso.com/show/aloe-vera,https://www.kalisso.com/storage/products/January2021/0J072wqomMZtBjETIJnx.jpg,"Vendu par kalisso.com",313,313,0
100,"ensemble chaussure et sac","Ensemble chaussure et sac Chaussure taille 38 à 42 <p>Couleur diff&eacute;rente&nbsp;</p>Vendu par kalisso.com","out of stock",new,40.000,https://www.kalisso.com/show/ensemble-chaussure-et-sac,https://www.kalisso.com/storage/products/January2021/KBNHn311HdKz3LnCqQag.png,"Vendu par kalisso.com",313,313,0
101,"robe légère fleury","Robe légère Fleury Décontractée,couleur verte <p>Magnifique&nbsp;</p>Vendu par kalisso.com","in stock",new,15.750,https://www.kalisso.com/show/robe-legere-fleury,https://www.kalisso.com/storage/products/February2021/LNOhjpnmYTc44shRBYxn.jpg,"Vendu par kalisso.com",313,313,5
102,"combinaison rose","Combinaison rose Fluide dos nus Vendu par kalisso.com","in stock",new,18.110,https://www.kalisso.com/show/combinaison-rose,https://www.kalisso.com/storage/products/February2021/JmwkZL1xNkY6mu7iZJEZ.jpg,"Vendu par kalisso.com",313,313,5
103,"robe légère 5","Robe légère 5 Fondue à gauche <p>Fondu jusqu'&agrave; la cuisse</p>Vendu par kalisso.com","in stock",new,15.750,https://www.kalisso.com/show/robe-legere-5,https://www.kalisso.com/storage/products/February2021/6t3B1ixjSqJ4j1AoRzyE.jpg,"Vendu par kalisso.com",313,313,5
104,"magnifique combinaison","Magnifique combinaison Couleur différente <p style=""padding-left: 80px;"">Avec cache nez&nbsp;</p>Vendu par kalisso.com","in stock",new,15.000,https://www.kalisso.com/show/magnifique-combinaison,https://www.kalisso.com/storage/products/February2021/yXECVM1xRHfUQceb6Nox.jpg,"Vendu par kalisso.com",313,313,5
105,"ensemble dame","Ensemble dame Couleur différente <p><span style=""text-decoration: underline;"">Id&eacute;ale pour le travail&nbsp;</span></p>Vendu par kalisso.com","in stock",new,14.500,https://www.kalisso.com/show/ensemble-dame,https://www.kalisso.com/storage/products/February2021/6zUWLpMygEZUnDCrzb0L.jpg,"Vendu par kalisso.com",313,313,5
108,"robe soirée","Robe soirée Sexy Vendu par kalisso.com","in stock",new,15.000,https://www.kalisso.com/show/robe-soiree,https://www.kalisso.com/storage/products/February2021/BhcQg0vUrLZFzxHonJ8k.jpg,"Vendu par kalisso.com",313,313,5
109,"robe sensuel","Robe sensuel Boîte de nuit couleur chairVendu par kalisso.com","in stock",new,13.390,https://www.kalisso.com/show/robe-sensuel,https://www.kalisso.com/storage/products/February2021/nDrGz0vKhLAjS1Asu0ND.jpg,"Vendu par kalisso.com",313,313,7
110,"robe courte","Robe courte Boîte de nuit couleur différenteVendu par kalisso.com","in stock",new,13.390,https://www.kalisso.com/show/robe-courte,https://www.kalisso.com/storage/products/February2021/gDilAQGAThtUjPQ7k7JL.jpg,"Vendu par kalisso.com",313,313,8
111,"robe légère","Robe légère Couleur différente <p>Magnifique&nbsp;</p>Vendu par kalisso.com","in stock",new,12.800,https://www.kalisso.com/show/robe-legere,https://www.kalisso.com/storage/products/February2021/TFn819jGBjDYAgnIgt7s.jpg,"Vendu par kalisso.com",313,313,4
113,"combinaison femme","Combinaison femme Couleur différente Vendu par kalisso.com","in stock",new,18.110,https://www.kalisso.com/show/combinaison-femme,https://www.kalisso.com/storage/products/February2021/f762b2JDU9Ocrk3D9QFk.jpg,"Vendu par kalisso.com",313,313,6
114,"robe légère 3","Robe légère 3 Décontracté jaune Vendu par kalisso.com","in stock",new,15.750,https://www.kalisso.com/show/robe-legere-3,https://www.kalisso.com/storage/products/February2021/SRlmYA12fteBEcknfkEE.jpg,"Vendu par kalisso.com",313,313,5
117,"combinaison chic","Combinaison chic Couleur différente Vendu par kalisso.com","in stock",new,16.045,https://www.kalisso.com/show/combinaison-chic,https://www.kalisso.com/storage/products/February2021/I6XWwu2dtPd7L50GrFE6.jpg,"Vendu par kalisso.com",313,313,6
116,"robe légère 1","Robe légère 1 Décontractée Vendu par kalisso.com","in stock",new,14.570,https://www.kalisso.com/show/robe-legere-1,https://www.kalisso.com/storage/products/February2021/AtrhLORQdoDsxOD9cxDI.jpg,"Vendu par kalisso.com",313,313,6
118,robe,"Robe Couleur verte Fleury Vendu par kalisso.com","in stock",new,11.500,https://www.kalisso.com/show/robe,https://www.kalisso.com/storage/products/February2021/dyliJVyXk0I9IVsqJ8fz.jpg,"Vendu par kalisso.com",313,313,5
119,"robe cocktail","Robe cocktail Couleur bleu Vendu par kalisso.com","in stock",new,18.000,https://www.kalisso.com/show/robe-cocktail,https://www.kalisso.com/storage/products/February2021/jG5G3iue61YYIcKjiylp.jpg,"Vendu par kalisso.com",313,313,5
120,"robe cocktail 1","Robe cocktail 1 Couleur rouge Vendu par kalisso.com","in stock",new,18.110,https://www.kalisso.com/show/robe-cocktail-1,https://www.kalisso.com/storage/products/February2021/AGlzXg3p5IqEweq2rJEu.jpg,"Vendu par kalisso.com",313,313,5
121,"robe légère longue 2","Robe légère longue 2 Couleur différente Vendu par kalisso.com","in stock",new,13.390,https://www.kalisso.com/show/robe-legere-longue-2,https://www.kalisso.com/storage/products/February2021/5Yy2k1Kn2UszxpwLccY3.jpg,"Vendu par kalisso.com",313,313,10
122,"robe légère longue","Robe légère longue Multicouleur décontractéeVendu par kalisso.com","in stock",new,13.390,https://www.kalisso.com/show/robe-legere-longue,https://www.kalisso.com/storage/products/February2021/ZaDihu2mX57TUQ9o9SvB.jpg,"Vendu par kalisso.com",313,313,5
123,"ensemble dame 2","Ensemble dame 2 Chic Vendu par kalisso.com","in stock",new,18.110,https://www.kalisso.com/show/ensemble-dame-2,https://www.kalisso.com/storage/products/February2021/0EXDkx1TDM6WifbFGCN1.jpg,"Vendu par kalisso.com",313,313,5
136,"t-shirt chef2gvng","T-shirt Chef2gvng Tailles: S,M,L,XL,XXL La marque des chefs

Toutes les couleurs sont disponible 

T-shirt représentatif de la marque chef2gvangVendu par kalisso.com","in stock",new,24.600,https://www.kalisso.com/show/t-shirt-chef2gvng,https://www.kalisso.com/storage/products/February2021/d2vEmziv9P6OyyV0kPec.jpeg,"Vendu par kalisso.com",313,313,100
126,"ensemble dame 1","Ensemble dame 1 Chic Vendu par kalisso.com","in stock",new,18.110,https://www.kalisso.com/show/ensemble-dame-1,https://www.kalisso.com/storage/products/February2021/ERTTOLWJbhV5bO6qtQAW.jpg,"Vendu par kalisso.com",313,313,5
127,"robe coûte fondue","Robe coûte fondue Couleur différente Vendu par kalisso.com","in stock",new,18.110,https://www.kalisso.com/show/robe-coute-fondue,https://www.kalisso.com/storage/products/February2021/tRPJX70UrJhNEUIiTXYv.jpg,"Vendu par kalisso.com",313,313,6
128,"complet sexy","Complet sexy Couleur différente Vendu par kalisso.com","in stock",new,17.992,https://www.kalisso.com/show/complet-sexy,https://www.kalisso.com/storage/products/February2021/ftPLFR1FtRUHyZj2Lq76.jpg,"Vendu par kalisso.com",313,313,8
137,"palettes à far","Palettes à Far Far du jour et de nuit très bon pour vos occasion de sorti ou de cérémonieVendu par kalisso.com","in stock",new,8.080,https://www.kalisso.com/show/palettes-a-far,https://www.kalisso.com/storage/products/February2021/RVKT7t114vHyH5RhPBuf.jpg,"Vendu par kalisso.com",313,313,10
138,"far pharaon","Far pharaon Far du jour et de nuit très bon pour vos occasionVendu par kalisso.com","in stock",new,6.310,https://www.kalisso.com/show/far-pharaon,https://www.kalisso.com/storage/products/February2021/spJ6xvReJejn4vP71Vsq.jpg,"Vendu par kalisso.com",313,313,10
139,"far gelanzi","Far gelanzi Fare du jour très jolie pour vos maquillageVendu par kalisso.com","in stock",new,7.490,https://www.kalisso.com/show/far-gelanzi,https://www.kalisso.com/storage/products/February2021/ExYiafwRXKqDKhTUQTgh.jpg,"Vendu par kalisso.com",313,313,10
140,"sac de voyage louis vuitton","Sac de voyage Louis Vuitton Sac de friperie ![](![](****https://)https://)![]Ets ELS


(HTTPS[](https://)://)Vendu par kalisso.com","in stock",new,18.700,https://www.kalisso.com/show/sac-de-voyage-louis-vuitton,https://www.kalisso.com/storage/products/February2021/kw3H62tknIF1vNd6gn6K.jpg,"Vendu par kalisso.com",313,313,1
141,"sac à dos","Sac à dos Sac de friperie ![](https://)Ets ELSVendu par kalisso.com","in stock",new,6.900,https://www.kalisso.com/show/sac-a-dos,https://www.kalisso.com/storage/products/February2021/2K50H9MNLaSbgOaaelBI.jpg,"Vendu par kalisso.com",313,313,1
142,"sac de voyage guess","Sac de voyage GUESS Sac de friperie ![](https://)Ets ELSVendu par kalisso.com","in stock",new,15.750,https://www.kalisso.com/show/sac-de-voyage-guess,https://www.kalisso.com/storage/products/February2021/lWvIVQCBqUNo0czkceu4.jpg,"Vendu par kalisso.com",313,313,1
143,"sac nikon","Sac Nikon Sac ![](https://) Ets ELSVendu par kalisso.com","in stock",new,8.670,https://www.kalisso.com/show/sac-nikon,https://www.kalisso.com/storage/products/February2021/GTqEH3H4E77Ufr4Et2LP.jpg,"Vendu par kalisso.com",313,313,2
144,"sac de voyage","Sac de voyage Sac de friperie ![](https://Ets ELS)[](https://)Vendu par kalisso.com","in stock",new,16.930,https://www.kalisso.com/show/sac-de-voyage,https://www.kalisso.com/storage/products/February2021/mGHODabZJQav4sornLlb.jpg,"Vendu par kalisso.com",313,313,1
145,"mallette homme","Mallette homme Sac ![](https://Ets ELS)Vendu par kalisso.com","in stock",new,12.800,https://www.kalisso.com/show/mallette-homme,https://www.kalisso.com/storage/products/February2021/JIPwK2pjcCYCS07s7Jjw.jpg,"Vendu par kalisso.com",313,313,2
146,polo,"Polo Polo original polo disponible chez mrfa shopVendu par kalisso.com","in stock",new,10.440,https://www.kalisso.com/show/polo,https://www.kalisso.com/storage/products/February2021/G9D8EktstsEfZHAs14o1.jpg,"Vendu par kalisso.com",313,313,10
147,"pantalon kaki","Pantalon kaki Pantalon kaki original pantalon kaki original disponible a BrazzavilleVendu par kalisso.com","in stock",new,10.440,https://www.kalisso.com/show/pantalon-kaki,https://www.kalisso.com/storage/products/March2021/EjdEGxdwrz9pbplOTxHs.jpg,"Vendu par kalisso.com",313,313,20
148,"polo plus kaki","polo plus kaki Polo plus pantalon kaki polo plus pantalon kaki disponible a BrazzavilleVendu par kalisso.com","in stock",new,18.700,https://www.kalisso.com/show/polo-plus-kaki,https://www.kalisso.com/storage/products/March2021/wTkFszNiOEqQKH4eYDsR.jpg,"Vendu par kalisso.com",313,313,10
149,"alarmes anti voleurs","Alarmes anti voleurs Petite alarmes anti voleurs petite alarmes anti voleurs disponible a BrazzavilleVendu par kalisso.com","in stock",new,3.360,https://www.kalisso.com/show/alarmes-anti-voleurs,https://www.kalisso.com/storage/products/March2021/FCgqUL66zBOkTJkGdj29.jpg,"Vendu par kalisso.com",313,313,9
150,"golden river","Golden river Tissage naturel Vendu par kalisso.com","in stock",new,18.700,https://www.kalisso.com/show/golden-river,https://www.kalisso.com/storage/products/March2021/Hnm6HkGGEWUIlEue6PZ6.jpeg,"Vendu par kalisso.com",313,313,10
153,sac,"Sac Sac à main sac à main avec trousse disponibleVendu par kalisso.com","in stock",new,12.800,https://www.kalisso.com/show/sac,https://www.kalisso.com/storage/products/March2021/QwCb4CU207aMprQcl6q7.jpg,"Vendu par kalisso.com",313,313,10
154,"sac à main","Sac à main Sac sac à main simple disponibleVendu par kalisso.com","in stock",new,11.030,https://www.kalisso.com/show/sac-a-main,https://www.kalisso.com/storage/products/March2021/6sQDFqIHYCmhtWAdaLHM.jpg,"Vendu par kalisso.com",313,313,10
158,"sacs à main et mèches locks","Sacs à main et mèches locks sac de marque très tendances Mèches locks crochetsVendu par kalisso.com","in stock",new,6.900,https://www.kalisso.com/show/sacs-a-main-et-meches-locks-m2,https://www.kalisso.com/storage/products/May2021/uKJGpF9EJjibFfIoZuA3.jpg,"Vendu par kalisso.com",313,313,50
157,"sacs à main et mèches locks","Sacs à main et mèches locks sac de marque très tendances * > # *****Vendu par kalisso.com","in stock",new,6.900,https://www.kalisso.com/show/sacs-a-main-et-meches-locks-m1,https://www.kalisso.com/storage/products/May2021/FWAtceo7NRKIZFYOqHv1.jpg,"Vendu par kalisso.com",313,313,50
159,"sacs à main et mèches locks","Sacs à main et mèches locks sac de marque très tendances Vendu par kalisso.com","in stock",new,6.900,https://www.kalisso.com/show/sacs-a-main-et-meches-locks-m3,https://www.kalisso.com/storage/products/May2021/DpM9vmH8bGpjMbdZaCcc.png,"Vendu par kalisso.com",313,313,50
160,"bracelets mixte","Bracelets Mixte 5 bracelets au prix d’un seul Vendu par kalisso.com","in stock",new,4.540,https://www.kalisso.com/show/bracelets-mixte,https://www.kalisso.com/storage/products/May2021/ZeCLP4iYlcitpNSLuEbM.jpeg,"Vendu par kalisso.com",313,313,100
161,"collier cœur unisexe","Collier Cœur Unisexe Deux portions qui forme un cœur Vendu par kalisso.com","in stock",new,4.540,https://www.kalisso.com/show/collier-coeur-unisexe,https://www.kalisso.com/storage/products/May2021/LFflpJTNVZvSGBgIxKus.jpeg,"Vendu par kalisso.com",313,313,150
162,"bagues pour femmes","Bagues pour Femmes 15 bagues au prix d’une Vendu par kalisso.com","in stock",new,4.540,https://www.kalisso.com/show/bagues-pour-femmes,https://www.kalisso.com/storage/products/May2021/msPrVwnmyhr17TIuCEpP.jpeg,"Vendu par kalisso.com",313,313,100
163,"boucles d’oreilles m1","Boucles d’oreilles M1 Boucles d’oreilles en Alliage de Zinc Vendu par kalisso.com","in stock",new,4.540,https://www.kalisso.com/show/boucles-d-oreilles-m1,https://www.kalisso.com/storage/products/May2021/h0bnhuoscL7lzDLGp9VJ.jpeg,"Vendu par kalisso.com",313,313,30
164,"boucles d’oreilles m2","Boucles d’oreilles M2 Boucles d’oreilles en alliage de Zinc Vendu par kalisso.com","in stock",new,4.540,https://www.kalisso.com/show/boucles-d-oreilles-m2,https://www.kalisso.com/storage/products/May2021/OSwv7lqW7zpelss3UNsv.jpeg,"Vendu par kalisso.com",313,313,30
165,"boucles d’oreilles m3","Boucles d’oreilles M3 Boucles d’oreilles en alliage de Zinc Vendu par kalisso.com","in stock",new,4.540,https://www.kalisso.com/show/boucles-d-oreilles-m3,https://www.kalisso.com/storage/products/May2021/4E8EEx6yG4AmfjV4uzjB.jpeg,"Vendu par kalisso.com",313,313,20
166,"savon noir 100% naturel","Savon Noir 100% Naturel Savon Naturel Composition : Concentré de fruits, miel, lait, huiles végétales, curcuma, citron, Vitamine E...
Savon clarifiant, purifiant efficace contre les acnés, tâches. Sans effets secondaires. Poids net : 500grVendu par kalisso.com","in stock",new,8.080,https://www.kalisso.com/show/savon-noir-100-naturel-m1,https://www.kalisso.com/storage/products/May2021/PV1SIAJUqvEjE96g98L4.jpg,"Vendu par kalisso.com",313,313,1
167,"savon noir 100% naturel","Savon Noir 100% Naturel Savon Naturel Composition : concentré de fruits, curcuma, lait, miel, citron, vitamine E, huiles végétales...
Savon clarifiant, purifiant efficace contre les acnés et tâches. Sans effets secondaires. 
Poids net : 250grVendu par kalisso.com","in stock",new,4.540,https://www.kalisso.com/show/savon-noir-100-naturel-m2,https://www.kalisso.com/storage/products/May2021/xQO1zoU7IwKrl8IOc3Gb.jpg,"Vendu par kalisso.com",313,313,15
169,"sandales pour femmes glamour","Sandales pour femmes glamour Sandales multicolores Sandales multicolore pour femmes glamour.Vendu par kalisso.com","in stock",new,8.670,https://www.kalisso.com/show/sandales-pour-femme-glamour,https://www.kalisso.com/storage/products/May2021/vykIj5OdKbq9gjVhSfmL.jpg,"Vendu par kalisso.com",313,313,9
170,sac,"Sac Sac QAZA Sac à main QAZA de très bonne qualité pour femmes glamours.Vendu par kalisso.com","in stock",new,10.440,https://www.kalisso.com/show/sac,https://www.kalisso.com/storage/products/May2021/p0T7Lk3VACGqtK0ZI1Nq.jpg,"Vendu par kalisso.com",313,313,2
171,talons,"Talons Talons aiguilles Talons en daim pour femmes glamours.Vendu par kalisso.com","in stock",new,16.930,https://www.kalisso.com/show/talons,https://www.kalisso.com/storage/products/May2021/rHAfvolO9d9PvT097ipg.jpg,"Vendu par kalisso.com",313,313,3
172,"Étagères à chaussures","Étagères à chaussures Étagères à chaussures en tissu Étagères à chaussures en tissu amovibles et démontables de 4 niveaux.Vendu par kalisso.com","in stock",new,8.670,https://www.kalisso.com/show/etageres-a-chaussures,https://www.kalisso.com/storage/products/May2021/YeCUPsmpuKN8TmPpzDKI.jpg,"Vendu par kalisso.com",313,313,3
173,talon,"Talon Talon pour femmes Talon en daim pour femmes.Vendu par kalisso.com","in stock",new,16.930,https://www.kalisso.com/show/talon,https://www.kalisso.com/storage/products/May2021/M9TeO3ozKFahYgQHMKBZ.jpg,"Vendu par kalisso.com",313,313,1
174,"mèche brésilienne","Mèche brésilienne Taill 12"" 5  boules. meche-bresilienneVendu par kalisso.com","in stock",new,42.300,https://www.kalisso.com/show/meche-bresilienne,https://www.kalisso.com/storage/products/May2021/eDYHIZC7yi6HxyoWc2RE.png,"Vendu par kalisso.com",313,313,10
175,"mèche indienne + closure","Mèche indienne + closure Taille 10 meche-indienne-closure
Taille 10Vendu par kalisso.com","in stock",new,36.400,https://www.kalisso.com/show/meche-indienne-closure,https://www.kalisso.com/storage/products/May2021/Ib1N240yvJa70bm15WRs.png,"Vendu par kalisso.com",313,313,20
177,"bijoux pour femmes colliers","Bijoux pour femmes colliers De bonne qualité bijoux pour femmes![](https://)Vendu par kalisso.com","in stock",new,5.720,https://www.kalisso.com/show/bijoux-pour-femmes-colliers,https://www.kalisso.com/storage/products/May2021/YWyTXm0sMyQOflxGCxWs.jpeg,"Vendu par kalisso.com",313,313,10
178,"beurre de karité","Beurre de Karité 100% Pur Hydratant, adoucissant, nourrissant pour les cheveux et les peaux sèches. Utilisé en massage il soulage et apaise les douleurs.
Poids net: 400gr
 Page Facebook : Jem's Cosmétique Nature
 Contact : +242 065034947Vendu par kalisso.com","in stock",new,6.900,https://www.kalisso.com/show/beurre-de-karite,https://www.kalisso.com/storage/products/May2021/ZU9v9haBPWz7mtyEhMjv.jpg,"Vendu par kalisso.com",313,313,14
183,fruity,"Fruity Confiture  de Bananes # > Sans arôme et sans conservateurVendu par kalisso.com","in stock",new,2.770,https://www.kalisso.com/show/fruity,https://www.kalisso.com/storage/products/May2021/0koCP3E8B9vddxGND04d.png,"Vendu par kalisso.com",313,313,1
182,fruity,"Fruity Confiture de Pomme * Une Confiture fait maison dans le respect stricte des règles d’hygiène et de la norme 9001.  Une Confiture 100% Naturelle dans une recette onctueuse et gourmande aux fruits frais. Sans arôme artificiel et sans conservateur!******Vendu par kalisso.com","in stock",new,2.888,https://www.kalisso.com/show/fruity,https://www.kalisso.com/storage/products/May2021/gdK4U06OsrUDZH9Udv0v.png,"Vendu par kalisso.com",313,313,1
181,t-shirt,"T-shirt Vous avez le choix entre les t-shirt personnalisés et non La catalogue des t-shirt de marque Diata sont disponibles sur toute l'étendue du territoire... Vous pouvez commander des t-shirt personnalisés ou non de qualité supérieureVendu par kalisso.com","in stock",new,6.900,https://www.kalisso.com/show/t-shirt,https://www.kalisso.com/storage/products/May2021/7yKqzUVJrqaNZwldsP38.jpg,"Vendu par kalisso.com",313,313,20
258,"haut-parleur sans fil","Haut-parleur sans fil Haut parleur sans fil Connecté via bluetooth ou via un câble jackVendu par kalisso.com","in stock",new,9.850,https://www.kalisso.com/show/haut-parleur-sans-fil,https://www.kalisso.com/storage/products/May2021/Asvh7Ok6VflbmOM0J3hl.jpg,"Vendu par kalisso.com",313,313,5
256,chaussure,"Chaussure Marque DG numéro 39 Vendu par kalisso.com","in stock",new,30.001,https://www.kalisso.com/show/chaussure,https://www.kalisso.com/storage/products/May2021/Uab51mBoC3UXiWrVZtTe.jpg,"Vendu par kalisso.com",313,313,1
257,"boucles d'oreilles","Boucles d'oreilles Fantesies Vendu par kalisso.com","in stock",new,1.531,https://www.kalisso.com/show/boucles-d-oreilles,https://www.kalisso.com/storage/products/May2021/ZLwTVcxD6VxnjhBLPRFv.jpg,"Vendu par kalisso.com",313,313,20
254,"boucles d'oreilles","Boucles d'oreilles Fantesies pour oreilles Vendu par kalisso.com","in stock",new,3.360,https://www.kalisso.com/show/boucles-d-oreilles,https://www.kalisso.com/storage/products/May2021/HJXD5Xv88sslQ2Q6pdXX.png,"Vendu par kalisso.com",313,313,2
255,miel,"Miel Miel pur d'impfondo le litreVendu par kalisso.com","in stock",new,6.310,https://www.kalisso.com/show/miel,https://www.kalisso.com/storage/products/May2021/gPK2zlsK3HiOGwFDxx35.png,"Vendu par kalisso.com",313,313,25
263,"gant de cuisine","Gant de cuisine Gant et essuie Vendu par kalisso.com","in stock",new,1.885,https://www.kalisso.com/show/gant-de-cuisine,https://www.kalisso.com/storage/products/June2021/ww3HX41VZ5MHxYs8IzXc.jpg,"Vendu par kalisso.com",313,313,10
311,"rose whater","Rose Whater Tonique visage a l'eau de rose * Élimine les restes du maquillage 
* hydrate la peauVendu par kalisso.com","in stock",new,5.130,https://www.kalisso.com/show/rose-whater,https://www.kalisso.com/storage/products/July2021/ADlIzaRJMOKN2ichkp88.jpg,"Vendu par kalisso.com",313,313,20
310,"coffee scrub","Coffee scrub Gommage  au café bio * Nettoie les peaux grasses 
* Aide à lutter contre les pores obstrués et les points noirs 
* Contient 85% d'ingrédients biologiquesVendu par kalisso.com","in stock",new,4.540,https://www.kalisso.com/show/coffee-scrub,https://www.kalisso.com/storage/products/July2021/ycB0aUkqREd8Lc3DNNqn.jpg,"Vendu par kalisso.com",313,313,20
312,"masque à l'argile","Masque à l'Argile Anti-Imperfection * Convient aux peaux mixtes et grasses
* Effet matifiant et réduction des pores
* 90% d'ingrédients NaturelsVendu par kalisso.com","in stock",new,5.130,https://www.kalisso.com/show/masque-a-l-argile,https://www.kalisso.com/storage/products/July2021/dc82eh1EwKOouSPv6mRb.jpg,"Vendu par kalisso.com",313,313,10
313,"spray fixateur","Spray fixateur Grace au Spray fixateur Max&More vous avez votre maquillage toute la journée * Fixe votre maquillage 
*Vendu par kalisso.com","in stock",new,5.130,https://www.kalisso.com/show/spray-fixateur,https://www.kalisso.com/storage/products/July2021/dOIfjEyY4cuOW5hWLdQo.jpg,"Vendu par kalisso.com",313,313,10
314,"byphasse fix","Byphasse Fix Fixateur de maquillage convient pour tout types de peaux * Convient pour tous types de  peaux 
* tranparent
*Vendu par kalisso.com","in stock",new,5.720,https://www.kalisso.com/show/byphasse-fix,https://www.kalisso.com/storage/products/July2021/soZrvlDpGsotBRJd46po.jpg,"Vendu par kalisso.com",313,313,10
315,dove,"Dove Déodorant Dove invisible * protection 48 heures 
* sans alcoolVendu par kalisso.com","in stock",new,2.947,https://www.kalisso.com/show/dove,https://www.kalisso.com/storage/products/July2021/3awxvrP4z61gtbfltDYb.jpg,"Vendu par kalisso.com",313,313,10
328,"playstation 4 slim","PlayStation 4 slim mémoire 1To, couleur noire. Vendu par kalisso.com","in stock",new,180.000,https://www.kalisso.com/show/playstation-4-slim,https://www.kalisso.com/storage/products/August2021/07082021610e7d575f8acimage_cropper_1628339356646.jpg,"Vendu par kalisso.com",313,313,1
